Name,Number,Action
cQLkNzHxGkxrbeP,TCEA-CN-629716365090419,1
YVJddCnCTqTKtAC,TCEA-CN-786637530355379,2
mVaivaHAzIneXkf,TCEA-CN-606839414760956,1
rEwdthjUOCdMChg,TCEA-CN-302481268779198,1
TNxnorPOpWvcmai,TCEA-CN-866235630402903,1
pjvakujzmiSlwYR,TCEA-CN-792782991268559,2
ChNjhwRgxRzOLCQ,TCEA-CN-241431079428962,2
kAHXmIkxSqhOKwq,TCEA-CN-804869993912483,1
tEcKmoQUTcjJKUr,TCEA-CN-942964986687281,1
sXyCQpKiaULEcHW,TCEA-CN-250229737104224,2
DdwVdfQSVuJbeFb,TCEA-CN-859442281543745,1
MApfqBHBjmPDBgD,TCEA-CN-293026505271830,1
DwpKjLHhZZpgUuM,TCEA-CN-636767075480145,2
LVulwfejMmuclFX,TCEA-CN-789007705404226,1
fvvkGOdRJcZimjG,TCEA-CN-899630925654719,2
gEtTekdkaewRpxr,TCEA-CN-710935696597695,2
xJkiOKumwazfvTH,TCEA-CN-384938290061963,2
lNhnegBjNSwmVCI,TCEA-CN-834361527221226,2
ZyCMBzZxSoDqbzn,TCEA-CN-298181054915939,2
UGwCgkgukSQHLnI,TCEA-CN-680384670729477,2
yOHPcJihWwKDQku,TCEA-CN-314317097034417,1
mBkaQnFnfLXasaR,TCEA-CN-294280089521604,1
RxmdNrrkQgyTjxd,TCEA-CN-223931374468873,2
oNHlwRqBJErTaxV,TCEA-CN-389746554967107,1
PRMzflcvLZeNjnm,TCEA-CN-220409443249854,1
CuEYtBNsCavExjJ,TCEA-CN-416465630360660,1
PmLKJLfoztpytVO,TCEA-CN-503994432795903,1
ttVrJwGnxxjbjRg,TCEA-CN-848148426053148,2
WJKYJOMkJFkWIVh,TCEA-CN-550790666329882,1
ovTMdHUjEuSDygv,TCEA-CN-811063234024038,2
SskWBWuDMUryXeh,TCEA-CN-175269556989953,1
XcGHnXvKVTQJZVu,TCEA-CN-667481279739880,2
JcJCnKdCSDkUlYs,TCEA-CN-666027531893333,1
OxwTNhXKKTVbwGJ,TCEA-CN-633118748003155,2
llEWgSEUIlUISNM,TCEA-CN-274472342990945,2
NgcVJMpBmVWEqco,TCEA-CN-923785161049968,2
QJcltAwXaShymms,TCEA-CN-566842486967073,2
hKxtzYQWeRcGIUi,TCEA-CN-500038323247163,2
CuDaPMxvjMMubAR,TCEA-CN-836403060846427,2
SbjFHRYuDDbdyRU,TCEA-CN-913453333127203,2
ZmfeUgVEMymZggh,TCEA-CN-920634586858959,2
OBalupqodBsnrBH,TCEA-CN-119782270688243,2
nTzqNpRQdgrUIEQ,TCEA-CN-329471767046162,2
haQxTttRlxqzXtV,TCEA-CN-181758470151500,1
SpbBDQjGhDwMolI,TCEA-CN-884475803831770,1
KnZsgRzfRVrdpJd,TCEA-CN-451252415843739,1
CwcEASWMbmxlYWf,TCEA-CN-271373045076017,1
XtbowyUAhMrPRNu,TCEA-CN-890377397533273,1
TWRxhmHEbcEbrBT,TCEA-CN-759260949658468,1
mLUgMjXVEWRpvvS,TCEA-CN-396260543143342,1
vbIqSjHBCjwujOn,TCEA-CN-368232609855408,2
dScMBsERrCFyfDl,TCEA-CN-940646579079465,1
NZrvrcKdXwtfYbY,TCEA-CN-529479042996125,2
BqfQXcfdazWtGWP,TCEA-CN-466815592377679,2
JiICYpjZUkCUsfd,TCEA-CN-815806860387935,2
oIYzhsSshhHewwD,TCEA-CN-494502365519168,1
iyYxqwMLSysOLQW,TCEA-CN-412777081997045,1
ZVboPYtroGEUmVk,TCEA-CN-925052662866726,1
utyyzkGZiGZUbiX,TCEA-CN-999144972612910,1
JCZjIEOOaynpeup,TCEA-CN-118532382315949,1
wHIlqmLyEDXSsua,TCEA-CN-837136360081689,2
TqPFlJeSwZDmCjW,TCEA-CN-455179268146254,1
uKVSZCzrjiFPUzc,TCEA-CN-615980335663102,1
oKbHNPSshxUrVhv,TCEA-CN-726084775065875,1
gDfvfbyLMnfKDcT,TCEA-CN-770385574894700,1
LBLyAKdnPcJYfEJ,TCEA-CN-349010692289674,2
HrwGwnGLpfvsfgn,TCEA-CN-239810805415167,1
iHUCihvKZiIRUoT,TCEA-CN-870837307830538,2
gthDwxMfPRwfkRQ,TCEA-CN-618056325291876,2
UmQhnaUJrTmbfsl,TCEA-CN-345649970441250,2
bIIYOMpIPfwxQtx,TCEA-CN-432099779043694,2
IaTpfofJDkWjSfv,TCEA-CN-369259834827739,1
ZUENJjaepxbPVNN,TCEA-CN-876510759325765,2
lyfAZUePhugmiph,TCEA-CN-888427779751821,2
UGXNTkUnqVydSCR,TCEA-CN-462437390671909,2
UwEWmPKQDKClAyW,TCEA-CN-954648519305332,1
umOedokEMXHjcAm,TCEA-CN-179298583212846,1
zPBQUiODylyNJxB,TCEA-CN-652064116908469,2
NJFpMYmkyXsxodG,TCEA-CN-772750411546114,2
NTyitIAwVsYWDmB,TCEA-CN-991292635075986,1
JFrFTupXvWqMsMB,TCEA-CN-655479030238677,2
jpefDacskXAtfWi,TCEA-CN-340446053516484,2
pjhXVzzJcpDLaTo,TCEA-CN-166637113672427,2
UIgLuYMfHxXqPOQ,TCEA-CN-805812749786102,1
vcOSkRAwqlKgjbt,TCEA-CN-619499798228223,1
WjTSUEjCHeeLGQJ,TCEA-CN-142922065390886,2
DFxJlcBVewNGUTh,TCEA-CN-855254311569072,2
WchayMiodFezLZK,TCEA-CN-907700111157384,1
EyZRJoRnWCuDjkM,TCEA-CN-952713825076511,2
QEXombBqxuUYkAX,TCEA-CN-115383830243135,2
mNwrFXWpuERhGOz,TCEA-CN-555519912350280,1
ryGIKPdplvLTybD,TCEA-CN-893566213260703,2
zrjUPhuFbMVRwbG,TCEA-CN-948257596800510,2
SbGCcIHYyMsCAef,TCEA-CN-801496982767269,2
WOETokYpZaXJkpl,TCEA-CN-327633073782424,1
gnRYoWBgGjxhxlI,TCEA-CN-404865079584474,2
LSrxVAGaQWkHyNy,TCEA-CN-534917975326552,1
pTWgbUiqWBibTNr,TCEA-CN-396093573386821,2
zLQHfcEJTPszdWu,TCEA-CN-759065575610545,2
TjxdPRjftXpDOkR,TCEA-CN-101958494259725,1
