Name,Number,Action
VbaBJREDeiNseFI,TCEA-CN-104799682907428,1
jEOwtWixcFNKVIW,TCEA-CN-214560807258259,0
bPnzXKCMqmZOFUY,TCEA-CN-869152060883143,1
iqZiCnRoiNBKEko,TCEA-CN-262463067902011,0
RfUTfoOjKsjFlfP,TCEA-CN-931565497501716,1
frfqdjWrkrvXpdC,TCEA-CN-300148304638642,1
WBSGBTUGyYXPjQG,TCEA-CN-981069322360286,1
zDqDoBxjHfFmSHn,TCEA-CN-332758158575965,0
TQlJKmdkPmjvjrN,TCEA-CN-794875536555801,1
JIRuevRmVZeazhE,TCEA-CN-110298727811611,1
hAQeUbPAqSBgQYs,TCEA-CN-842588685689565,0
fFLdmUzeyNTzeXf,TCEA-CN-143150293684646,1
aphrAOVDyWUtaLD,TCEA-CN-173360464341104,0
DlSgMayRPAuWEjr,TCEA-CN-938266526378097,1
uZJFvDbNmaJehpV,TCEA-CN-447830203912876,0
GGOMWIwUwgtZYEW,TCEA-CN-653235567594809,1
cxZdfbKxkcKWfXH,TCEA-CN-603044949556093,0
xSZTlDHkyZMnyjJ,TCEA-CN-293925027817186,0
SiVkVdFNHGMzfhl,TCEA-CN-772579265939023,1
MnSUCVSHxAbBZCu,TCEA-CN-270850820063280,1
CVjIJkntLAhsNWH,TCEA-CN-278937833880251,0
tKOSmfpZSIUWIXq,TCEA-CN-944416552007496,0
PkoQtlcgtJwTaVd,TCEA-CN-445809893362250,1
iYtGsPXuDCqdZmn,TCEA-CN-166232377102754,0
btAjBowcSuYOfwP,TCEA-CN-745110422836120,1
YPFEBeCdgThNtNr,TCEA-CN-314762967353845,1
iTGpiRhYlTvgmiO,TCEA-CN-927420460540556,0
BZKlhHaVPkbQAYe,TCEA-CN-404952364285588,0
ZlwFxlAwChQDzOO,TCEA-CN-637191990529067,1
adPJRwqXUZdeVjd,TCEA-CN-488097607782131,1
rXmaEPLZOpIkzsb,TCEA-CN-901168760657154,0
YMQOqykrfYXVnoV,TCEA-CN-974870819522098,1
iuvRUfQEcUQNTRc,TCEA-CN-169877852062646,1
nqJBikuYNSTnwvV,TCEA-CN-526242886325637,1
nGOKxOqXZUPIfNi,TCEA-CN-432047591047167,0
lizCBaBVLjdUaME,TCEA-CN-214777679113446,1
iKQowHHoqraMgyz,TCEA-CN-526211144087636,0
OASgxbsyWGSHaJL,TCEA-CN-902217864847429,1
zpoOGgVUybgjAPx,TCEA-CN-929262667128745,0
TBJIJTIUpiJRaBg,TCEA-CN-870760769089411,1
ZMWGQRnRUhweiHS,TCEA-CN-187763654121756,0
MFeQjyRaozJohwY,TCEA-CN-172047176505159,1
aIHVbVaLYlpgbPa,TCEA-CN-215230334549605,0
nAWFglYKeXbzqBD,TCEA-CN-169199016154482,1
xlALaGMHdkpnQLe,TCEA-CN-972181980593122,0
JcZECpILXJYUjoN,TCEA-CN-915489564310958,1
KXCRCCVUhYydMjH,TCEA-CN-926321154134798,0
kZeKsACBwfASgzC,TCEA-CN-291082596636219,0
iFHYSMhQhLakiqZ,TCEA-CN-201901066466105,0
gTNJsbIGIqXTRtS,TCEA-CN-460436624000180,1
YZTWChWAwMkuqdd,TCEA-CN-494313928621025,0
sExdYONqGEfbiMg,TCEA-CN-386712532799924,0
TUxiXndAOjBKJnx,TCEA-CN-880170137990324,0
QItkEkRlSCylODc,TCEA-CN-820976772913628,1
lQPLkksGhKuFMbW,TCEA-CN-941902328353307,1
ETSUaHlqcUdPDkv,TCEA-CN-804109977949702,0
QrMhhpAEqyrmfVl,TCEA-CN-497551104561589,0
EIEaEBLgwglMgeS,TCEA-CN-371905747594161,1
emEtIskVlBgIKro,TCEA-CN-648924365070611,1
AebOlyrquiwleHX,TCEA-CN-631097572048783,1
QMGxJVnNLPJHiqU,TCEA-CN-904811253490556,0
OgceeHujqUHguOz,TCEA-CN-241226733056427,1
wLyseUUGrgCqWAW,TCEA-CN-249643531116375,1
FFwbMtCcAQxvxPj,TCEA-CN-689506682865612,1
SDihNwPqiYeWwHz,TCEA-CN-619500595252277,0
UNYMsQYHOCvWsMI,TCEA-CN-602153183422686,0
rDPiKNoJTlblFgJ,TCEA-CN-417272289393269,1
jFdiNJESkStHTju,TCEA-CN-240182362821136,0
DDeYJnwYQHntgit,TCEA-CN-870806922839648,0
RgIHaXJvrcSFsDN,TCEA-CN-546660898556278,1
cdWgkwMypfFdxLA,TCEA-CN-583826756890790,0
ECfTSdgbUTcdpEa,TCEA-CN-813971981753558,1
CAxCbLDwEqgyMkx,TCEA-CN-675736705533005,1
VuwktbEGYMnRneh,TCEA-CN-487970900158819,0
XSeJfsdpVliikBi,TCEA-CN-805298247039023,0
BdZmfxZtlqpZeNT,TCEA-CN-879147100965840,1
GXicAfBihuYGbvD,TCEA-CN-689463191681125,0
LGbCVSTAULPMmcE,TCEA-CN-809369697317328,0
kGhyyjbxCuiwpBG,TCEA-CN-998827658655600,1
dFIDzhJAUqLxpak,TCEA-CN-329788719838234,0
MKErtStRhtCqUKd,TCEA-CN-911343825287363,0
vMfjiBIrvibqxUi,TCEA-CN-311983935319159,0
mKyyVEKdVkOKarB,TCEA-CN-574542519144286,1
jMhfBAvYDHgqkJq,TCEA-CN-394824347630516,0
OvovfzYMwclNcln,TCEA-CN-303579361722902,0
UhsOhjaOvUpHxuH,TCEA-CN-718894090760468,1
LhIZtaDmWIqlZAc,TCEA-CN-456097701800334,0
KKIZzTrpDnlZbYu,TCEA-CN-453667667162958,0
rlahYcxgbIixqHo,TCEA-CN-558170950290299,1
KlJpCUKviGGUffA,TCEA-CN-907527040333452,0
nVfdSltrVcoqvtQ,TCEA-CN-946198564322640,0
XhimwmPOMKLrjpU,TCEA-CN-386679405756613,0
sIsATgKxrzjMbqa,TCEA-CN-278965625975359,1
RDKfSAxjLkQDgKo,TCEA-CN-205892335232947,1
bhbjJgJFNgALtIP,TCEA-CN-751880572536323,1
geUuSKomxxXuYFe,TCEA-CN-460808494472691,1
JxVJcdClMapNcxb,TCEA-CN-264450443456154,0
LMxkyDdrFpUObGH,TCEA-CN-733857757978232,0
vQybmCCXoWOVbCg,TCEA-CN-198190738103427,1
cUmYDmPlpYtybGi,TCEA-CN-439473569586782,1
